Colleges,Location,Stream
Saveetha University,"['Chennai, Tamil Nadu']",Dental
Saveetha University,"['Chennai, Tamil Nadu']",Dental
"Manipal College of Dental Sciences (MCODS), Mangalore","['Chennai, Tamil Nadu']",Dental
"Manipal College of Dental Sciences (MCODS), Mangalore","['Chennai, Tamil Nadu']",Dental
Maulana Azad Institute of Dental Sciences,"['Chennai, Tamil Nadu']",Dental
Maulana Azad Institute of Dental Sciences,"['Chennai, Tamil Nadu']",Dental
"A B Shetty Memorial Institute of Dental Sciences (ABSMIDS), Mangalore","['Chennai, Tamil Nadu']",Dental
"A B Shetty Memorial Institute of Dental Sciences (ABSMIDS), Mangalore","['Chennai, Tamil Nadu']",Dental
SRM University Chennai,"['Chennai, Tamil Nadu']",Dental
SRM University Chennai,"['Chennai, Tamil Nadu']",Dental
SRMCRI Chennai,"['Chennai, Tamil Nadu']",Dental
SRMCRI Chennai,"['Chennai, Tamil Nadu']",Dental
SOA Bhubaneswar,"['Chennai, Tamil Nadu']",Dental
SOA Bhubaneswar,"['Chennai, Tamil Nadu']",Dental
Jamia Millia Islamia,"['Chennai, Tamil Nadu']",Dental
Jamia Millia Islamia,"['Chennai, Tamil Nadu']",Dental
JSS Dental College,"['Chennai, Tamil Nadu']",Dental
JSS Dental College,"['Chennai, Tamil Nadu']",Dental
Mahatma Gandhi P.G. Institute of Dental Sciences,"['Chennai, Tamil Nadu']",Dental
Mahatma Gandhi P.G. Institute of Dental Sciences,"['Chennai, Tamil Nadu']",Dental
"Government Dental College & Hospital (GDC), Nagpur","['Chennai, Tamil Nadu']",Dental
"Government Dental College & Hospital (GDC), Nagpur","['Chennai, Tamil Nadu']",Dental
Datta Meghe Institute of Higher Education and Research,"['Chennai, Tamil Nadu']",Dental
Datta Meghe Institute of Higher Education and Research,"['Chennai, Tamil Nadu']",Dental
Narsinhbhai Patel Dental College & Hospital,"['Chennai, Tamil Nadu']",Dental
Narsinhbhai Patel Dental College & Hospital,"['Chennai, Tamil Nadu']",Dental
Kalinga Institute of Industrial Technology,"['Chennai, Tamil Nadu']",Dental
Kalinga Institute of Industrial Technology,"['Chennai, Tamil Nadu']",Dental
"Government Dental College (GDC), Jamnagar","['Chennai, Tamil Nadu']",Dental
"Government Dental College (GDC), Jamnagar","['Chennai, Tamil Nadu']",Dental
S.D.M. College of Dental Sciences & Hospital,"['Chennai, Tamil Nadu']",Dental
S.D.M. College of Dental Sciences & Hospital,"['Chennai, Tamil Nadu']",Dental
Dr. M.G.R. Educational And Research Institute,"['Chennai, Tamil Nadu']",Dental
Dr. M.G.R. Educational And Research Institute,"['Chennai, Tamil Nadu']",Dental
"Government Dental College (GDC), Bangalore","['Chennai, Tamil Nadu']",Dental
"Government Dental College (GDC), Bangalore","['Chennai, Tamil Nadu']",Dental
Vishnu Dental College,"['Chennai, Tamil Nadu']",Dental
Vishnu Dental College,"['Chennai, Tamil Nadu']",Dental
Chettinad Dental College & Research Institute,"['Chennai, Tamil Nadu']",Dental
Chettinad Dental College & Research Institute,"['Chennai, Tamil Nadu']",Dental
"Yenepoya University (YDC), Mangalore","['Chennai, Tamil Nadu']",Dental
"Yenepoya University (YDC), Mangalore","['Chennai, Tamil Nadu']",Dental
"Government Dental College (GDC), Mumbai","['Chennai, Tamil Nadu']",Dental
"Government Dental College (GDC), Mumbai","['Chennai, Tamil Nadu']",Dental
CDC Ludhiana,"['Chennai, Tamil Nadu']",Dental
CDC Ludhiana,"['Chennai, Tamil Nadu']",Dental
Aligarh Muslim University - Distance Learning,"['Chennai, Tamil Nadu']",Dental
Aligarh Muslim University - Distance Learning,"['Chennai, Tamil Nadu']",Dental
GDC Indore,"['Chennai, Tamil Nadu']",Dental
GDC Indore,"['Chennai, Tamil Nadu']",Dental
"Army College of Dental Sciences (ACDS), Secunderabad","['Chennai, Tamil Nadu']",Dental
"Army College of Dental Sciences (ACDS), Secunderabad","['Chennai, Tamil Nadu']",Dental
Panjab University,"['Chennai, Tamil Nadu']",Dental
Panjab University,"['Chennai, Tamil Nadu']",Dental
Babuji Dental College & Hospital,"['Chennai, Tamil Nadu']",Dental
Babuji Dental College & Hospital,"['Chennai, Tamil Nadu']",Dental
Bharati Vidyapeeth Dental College & Hospital,"['Chennai, Tamil Nadu']",Dental
Bharati Vidyapeeth Dental College & Hospital,"['Chennai, Tamil Nadu']",Dental
Saraswati Educational Institutions,"['Chennai, Tamil Nadu']",Dental
Saraswati Educational Institutions,"['Chennai, Tamil Nadu']",Dental
FAQs,"['Chennai, Tamil Nadu']",Dental
FAQs,"['Chennai, Tamil Nadu']",Dental
Dental Related News,"['Chennai, Tamil Nadu']",Dental
Dental Related News,"['Chennai, Tamil Nadu']",Dental
Pinnacle School of Business Management,"['Mumbai, Maharashtra']",Dental
Pinnacle School of Business Management,"['Mumbai, Maharashtra']",Dental
JLJ Academy of Computer Technology,"['Mumbai, Maharashtra']",Dental
JLJ Academy of Computer Technology,"['Mumbai, Maharashtra']",Dental
Power Management Institute,"['Mumbai, Maharashtra']",Dental
Power Management Institute,"['Mumbai, Maharashtra']",Dental
SGT University - Faculty of Engineering and Technology,"['Mumbai, Maharashtra']",Dental
SGT University - Faculty of Engineering and Technology,"['Mumbai, Maharashtra']",Dental
S.S. Institute Of Medical Sciences Management Technology & Research,"['Mumbai, Maharashtra']",Dental
S.S. Institute Of Medical Sciences Management Technology & Research,"['Mumbai, Maharashtra']",Dental
GMCH Chandigarh,"['Mumbai, Maharashtra']",Dental
GMCH Chandigarh,"['Mumbai, Maharashtra']",Dental
Krishna Institute of Medical Sciences,"['Mumbai, Maharashtra']",Dental
Krishna Institute of Medical Sciences,"['Mumbai, Maharashtra']",Dental
"AIIMS Delhi (AIIMS), Delhi","['Mumbai, Maharashtra']",Dental
"AIIMS Delhi (AIIMS), Delhi","['Mumbai, Maharashtra']",Dental
PGIMER Chandigarh,"['Mumbai, Maharashtra']",Dental
PGIMER Chandigarh,"['Mumbai, Maharashtra']",Dental
Vydehi Institute of Medical Sciences and Research Centre,"['Mumbai, Maharashtra']",Dental
Vydehi Institute of Medical Sciences and Research Centre,"['Mumbai, Maharashtra']",Dental
PGIMS Rohtak,"['Mumbai, Maharashtra']",Dental
PGIMS Rohtak,"['Mumbai, Maharashtra']",Dental
MGIMS Wardha,"['Mumbai, Maharashtra']",Dental
MGIMS Wardha,"['Mumbai, Maharashtra']",Dental
MMC Chennai,"['Mumbai, Maharashtra']",Dental
MMC Chennai,"['Mumbai, Maharashtra']",Dental
MAMC Delhi,"['Mumbai, Maharashtra']",Dental
MAMC Delhi,"['Mumbai, Maharashtra']",Dental
KMC Mangalore,"['Mumbai, Maharashtra']",Dental
KMC Mangalore,"['Mumbai, Maharashtra']",Dental
Seth Gordhandas Sunderdas Medical College,"['Mumbai, Maharashtra']",Dental
Seth Gordhandas Sunderdas Medical College,"['Mumbai, Maharashtra']",Dental
LHMC New Delhi,"['Mumbai, Maharashtra']",Dental
LHMC New Delhi,"['Mumbai, Maharashtra']",Dental
CMC Vellore,"['Mumbai, Maharashtra']",Dental
CMC Vellore,"['Mumbai, Maharashtra']",Dental
UCMS New Delhi,"['Mumbai, Maharashtra']",Dental
UCMS New Delhi,"['Mumbai, Maharashtra']",Dental
Medical College of Baroda,"['Mumbai, Maharashtra']",Dental
Medical College of Baroda,"['Mumbai, Maharashtra']",Dental
Saarvy Institute of Health and Management,"['Mumbai, Maharashtra']",Dental
Saarvy Institute of Health and Management,"['Mumbai, Maharashtra']",Dental
Dr Vaishampayan Memorial Government Medical College,"['Mumbai, Maharashtra']",Dental
Dr Vaishampayan Memorial Government Medical College,"['Mumbai, Maharashtra']",Dental
Delhi Paramedical & Management Institute,"['Mumbai, Maharashtra']",Dental
Delhi Paramedical & Management Institute,"['Mumbai, Maharashtra']",Dental
M.S. Ramaiah College of Pharmacy,"['Mumbai, Maharashtra']",Dental
M.S. Ramaiah College of Pharmacy,"['Mumbai, Maharashtra']",Dental
GSVMMC Kanpur,"['Mumbai, Maharashtra']",Dental
GSVMMC Kanpur,"['Mumbai, Maharashtra']",Dental
"Rajiv Gandhi Institute of Technology (RGIT), Bangalore","['Mumbai, Maharashtra']",Dental
"Rajiv Gandhi Institute of Technology (RGIT), Bangalore","['Mumbai, Maharashtra']",Dental
SAIMS Indore,"['Mumbai, Maharashtra']",Dental
SAIMS Indore,"['Mumbai, Maharashtra']",Dental
SIMS Pune,"['Mumbai, Maharashtra']",Dental
SIMS Pune,"['Mumbai, Maharashtra']",Dental
"Institute of Hotel Management Catering Technology & Applied Nutrition (IHMCTAN), Chennai","['Mumbai, Maharashtra']",Dental
"Institute of Hotel Management Catering Technology & Applied Nutrition (IHMCTAN), Chennai","['Mumbai, Maharashtra']",Dental
VMMC Delhi,"['Mumbai, Maharashtra']",Dental
VMMC Delhi,"['Mumbai, Maharashtra']",Dental
FAQs,"['Mumbai, Maharashtra']",Dental
FAQs,"['Mumbai, Maharashtra']",Dental
Dental Related News,"['Mumbai, Maharashtra']",Dental
Dental Related News,"['Mumbai, Maharashtra']",Dental
SVNIRTAR Cuttack,"['Cuttack, Odisha']",Dental
SVNIRTAR Cuttack,"['Cuttack, Odisha']",Dental
ODC bangalore,"['Cuttack, Odisha']",Dental
ODC bangalore,"['Cuttack, Odisha']",Dental
M.A. Rangoonwala College of Dental Science & Research Centre,"['Cuttack, Odisha']",Dental
M.A. Rangoonwala College of Dental Science & Research Centre,"['Cuttack, Odisha']",Dental
Sri Sai College of Dental Surgery,"['Cuttack, Odisha']",Dental
Sri Sai College of Dental Surgery,"['Cuttack, Odisha']",Dental
"Saraswati Dental College
                        (SDC)
                        , Lucknow","['Cuttack, Odisha']",Dental
"Saraswati Dental College
                        (SDC)
                        , Lucknow","['Cuttack, Odisha']",Dental
IDEAS Gwalior,"['Cuttack, Odisha']",Dental
IDEAS Gwalior,"['Cuttack, Odisha']",Dental
Swami Devi Dayal Hospital & Dental College,"['Cuttack, Odisha']",Dental
Swami Devi Dayal Hospital & Dental College,"['Cuttack, Odisha']",Dental
MSRDC bangalore,"['Cuttack, Odisha']",Dental
MSRDC bangalore,"['Cuttack, Odisha']",Dental
RRDCH bangalore,"['Cuttack, Odisha']",Dental
RRDCH bangalore,"['Cuttack, Odisha']",Dental
Guru Nanak Institute of Dental Science & Research,"['Cuttack, Odisha']",Dental
Guru Nanak Institute of Dental Science & Research,"['Cuttack, Odisha']",Dental
MRDC Faridabad,"['Cuttack, Odisha']",Dental
MRDC Faridabad,"['Cuttack, Odisha']",Dental
KCDS bangalore,"['Cuttack, Odisha']",Dental
KCDS bangalore,"['Cuttack, Odisha']",Dental
"Institute of Dental Sciences (IDS), Bhubaneswar","['Cuttack, Odisha']",Dental
"Institute of Dental Sciences (IDS), Bhubaneswar","['Cuttack, Odisha']",Dental
Ragas Dental College & Hospital,"['Cuttack, Odisha']",Dental
Ragas Dental College & Hospital,"['Cuttack, Odisha']",Dental
Uttar Pradesh Dental College and Research Centre,"['Cuttack, Odisha']",Dental
Uttar Pradesh Dental College and Research Centre,"['Cuttack, Odisha']",Dental
"AECS Maaruti College of Dental Sciences & Research Centre (AECS), Bangalore","['Cuttack, Odisha']",Dental
"AECS Maaruti College of Dental Sciences & Research Centre (AECS), Bangalore","['Cuttack, Odisha']",Dental
K.D. Dental College,"['Cuttack, Odisha']",Dental
K.D. Dental College,"['Cuttack, Odisha']",Dental
Sri Gobind Tricentinary Dental College Hospital & Research Institute,"['Cuttack, Odisha']",Dental
Sri Gobind Tricentinary Dental College Hospital & Research Institute,"['Cuttack, Odisha']",Dental
RDCH Jaipur,"['Cuttack, Odisha']",Dental
RDCH Jaipur,"['Cuttack, Odisha']",Dental
Sardar Patel Institute of Dental and Medical Sciences,"['Cuttack, Odisha']",Dental
Sardar Patel Institute of Dental and Medical Sciences,"['Cuttack, Odisha']",Dental
S Nijalingappa Institute of Dental Sciences and Research,"['Cuttack, Odisha']",Dental
S Nijalingappa Institute of Dental Sciences and Research,"['Cuttack, Odisha']",Dental
J.N Kapoor DAV Centenary Dental College,"['Cuttack, Odisha']",Dental
J.N Kapoor DAV Centenary Dental College,"['Cuttack, Odisha']",Dental
TNMC Mumbai,"['Cuttack, Odisha']",Dental
TNMC Mumbai,"['Cuttack, Odisha']",Dental
Sudha Rustagi College of Dental Science & Research,"['Cuttack, Odisha']",Dental
Sudha Rustagi College of Dental Science & Research,"['Cuttack, Odisha']",Dental
"Tamil Nadu Government Dental College & Hospital (GDCH), Chennai","['Cuttack, Odisha']",Dental
"Tamil Nadu Government Dental College & Hospital (GDCH), Chennai","['Cuttack, Odisha']",Dental
Rajah Muthiah Dental College & Hospital,"['Cuttack, Odisha']",Dental
Rajah Muthiah Dental College & Hospital,"['Cuttack, Odisha']",Dental
"ITS Dental College, Ghaziabad","['Cuttack, Odisha']",Dental
"ITS Dental College, Ghaziabad","['Cuttack, Odisha']",Dental
Punjab Government Dental College,"['Cuttack, Odisha']",Dental
Punjab Government Dental College,"['Cuttack, Odisha']",Dental
Rajas Dental College,"['Cuttack, Odisha']",Dental
Rajas Dental College,"['Cuttack, Odisha']",Dental
SJDC Eluru,"['Cuttack, Odisha']",Dental
SJDC Eluru,"['Cuttack, Odisha']",Dental
FAQs,"['Cuttack, Odisha']",Dental
FAQs,"['Cuttack, Odisha']",Dental
Dental Related News,"['Cuttack, Odisha']",Dental
Dental Related News,"['Cuttack, Odisha']",Dental
Sree Balaji Dental College,"['Chennai, Tamil Nadu']",Dental
Sree Balaji Dental College,"['Chennai, Tamil Nadu']",Dental
Sri Venkateswara Dental College and Hospital,"['Chennai, Tamil Nadu']",Dental
Sri Venkateswara Dental College and Hospital,"['Chennai, Tamil Nadu']",Dental
D A Pandu Memorial RV Dental College,"['Chennai, Tamil Nadu']",Dental
D A Pandu Memorial RV Dental College,"['Chennai, Tamil Nadu']",Dental
P.M. Nadagouda Memorial Dental College,"['Chennai, Tamil Nadu']",Dental
P.M. Nadagouda Memorial Dental College,"['Chennai, Tamil Nadu']",Dental
Sree Siddhartha Dental College,"['Chennai, Tamil Nadu']",Dental
Sree Siddhartha Dental College,"['Chennai, Tamil Nadu']",Dental
Bangalore Institute of Dental Sciences,"['Chennai, Tamil Nadu']",Dental
Bangalore Institute of Dental Sciences,"['Chennai, Tamil Nadu']",Dental
MRADC bangalore,"['Chennai, Tamil Nadu']",Dental
MRADC bangalore,"['Chennai, Tamil Nadu']",Dental
Sharavathi Dental College and Hospital,"['Chennai, Tamil Nadu']",Dental
Sharavathi Dental College and Hospital,"['Chennai, Tamil Nadu']",Dental
SDMCDS Dharwad,"['Chennai, Tamil Nadu']",Dental
SDMCDS Dharwad,"['Chennai, Tamil Nadu']",Dental
SGRDIMSR Amritsar,"['Chennai, Tamil Nadu']",Dental
SGRDIMSR Amritsar,"['Chennai, Tamil Nadu']",Dental
MLB Jhansi,"['Chennai, Tamil Nadu']",Dental
MLB Jhansi,"['Chennai, Tamil Nadu']",Dental
GKMC Chennai,"['Chennai, Tamil Nadu']",Dental
GKMC Chennai,"['Chennai, Tamil Nadu']",Dental
MMC Madurai,"['Chennai, Tamil Nadu']",Dental
MMC Madurai,"['Chennai, Tamil Nadu']",Dental
SMC Silchar,"['Chennai, Tamil Nadu']",Dental
SMC Silchar,"['Chennai, Tamil Nadu']",Dental
GMKMC Salem,"['Chennai, Tamil Nadu']",Dental
GMKMC Salem,"['Chennai, Tamil Nadu']",Dental
TMC Thanjavur,"['Chennai, Tamil Nadu']",Dental
TMC Thanjavur,"['Chennai, Tamil Nadu']",Dental
KSHMA Mangalore,"['Chennai, Tamil Nadu']",Dental
KSHMA Mangalore,"['Chennai, Tamil Nadu']",Dental
SNMC Agra,"['Chennai, Tamil Nadu']",Dental
SNMC Agra,"['Chennai, Tamil Nadu']",Dental
Sree Siddhartha Medical College,"['Chennai, Tamil Nadu']",Dental
Sree Siddhartha Medical College,"['Chennai, Tamil Nadu']",Dental
CIMS Bilaspur,"['Chennai, Tamil Nadu']",Dental
CIMS Bilaspur,"['Chennai, Tamil Nadu']",Dental
MGMMC Jamshedpur,"['Chennai, Tamil Nadu']",Dental
MGMMC Jamshedpur,"['Chennai, Tamil Nadu']",Dental
SCB Medical College,"['Chennai, Tamil Nadu']",Dental
SCB Medical College,"['Chennai, Tamil Nadu']",Dental
Pandit Deendayal Updhyay Medical College,"['Chennai, Tamil Nadu']",Dental
Pandit Deendayal Updhyay Medical College,"['Chennai, Tamil Nadu']",Dental
Shyam Shah Medical College,"['Chennai, Tamil Nadu']",Dental
Shyam Shah Medical College,"['Chennai, Tamil Nadu']",Dental
MKCG Medical College,"['Chennai, Tamil Nadu']",Dental
MKCG Medical College,"['Chennai, Tamil Nadu']",Dental
Indira Gandhi Medical College,"['Chennai, Tamil Nadu']",Dental
Indira Gandhi Medical College,"['Chennai, Tamil Nadu']",Dental
Mysore Medical College,"['Chennai, Tamil Nadu']",Dental
Mysore Medical College,"['Chennai, Tamil Nadu']",Dental
IGIMS Patna,"['Chennai, Tamil Nadu']",Dental
IGIMS Patna,"['Chennai, Tamil Nadu']",Dental
Sri Venkateshwara Institute of Nursing Sciences,"['Chennai, Tamil Nadu']",Dental
Sri Venkateshwara Institute of Nursing Sciences,"['Chennai, Tamil Nadu']",Dental
RIMS Ranchi,"['Chennai, Tamil Nadu']",Dental
RIMS Ranchi,"['Chennai, Tamil Nadu']",Dental
FAQs,"['Chennai, Tamil Nadu']",Dental
FAQs,"['Chennai, Tamil Nadu']",Dental
Dental Related News,"['Chennai, Tamil Nadu']",Dental
Dental Related News,"['Chennai, Tamil Nadu']",Dental
SGRD Amritsar,"['Amritsar, Punjab']",Dental
SGRD Amritsar,"['Amritsar, Punjab']",Dental
Dayananda Sagar College of Pharmacy,"['Amritsar, Punjab']",Dental
Dayananda Sagar College of Pharmacy,"['Amritsar, Punjab']",Dental
Ultra College of Pharmacy,"['Amritsar, Punjab']",Dental
Ultra College of Pharmacy,"['Amritsar, Punjab']",Dental
NIOH Kolkata,"['Amritsar, Punjab']",Dental
NIOH Kolkata,"['Amritsar, Punjab']",Dental
"Government Medical College (GMC), Amritsar","['Amritsar, Punjab']",Dental
"Government Medical College (GMC), Amritsar","['Amritsar, Punjab']",Dental
AJIDS Mangalore,"['Amritsar, Punjab']",Dental
AJIDS Mangalore,"['Amritsar, Punjab']",Dental
SNMC Jodhpur,"['Amritsar, Punjab']",Dental
SNMC Jodhpur,"['Amritsar, Punjab']",Dental
BJMC Ahmedabad,"['Amritsar, Punjab']",Dental
BJMC Ahmedabad,"['Amritsar, Punjab']",Dental
"Lakshmi Narain College of Technology (LNCT), Bhopal","['Amritsar, Punjab']",Dental
"Lakshmi Narain College of Technology (LNCT), Bhopal","['Amritsar, Punjab']",Dental
Shyam Institute of Engineering & Technology,"['Amritsar, Punjab']",Dental
Shyam Institute of Engineering & Technology,"['Amritsar, Punjab']",Dental
KDCRC Moradabad,"['Amritsar, Punjab']",Dental
KDCRC Moradabad,"['Amritsar, Punjab']",Dental
A N Magadh Medical College,"['Amritsar, Punjab']",Dental
A N Magadh Medical College,"['Amritsar, Punjab']",Dental
"Adhiparasakthi Dental College & Hospital (ADCH), Kanchipuram","['Amritsar, Punjab']",Dental
"Adhiparasakthi Dental College & Hospital (ADCH), Kanchipuram","['Amritsar, Punjab']",Dental
Bhagat Phool Singh Medical College For Women,"['Amritsar, Punjab']",Dental
Bhagat Phool Singh Medical College For Women,"['Amritsar, Punjab']",Dental
Uttaranchal Dental and Medical Research Institute,"['Amritsar, Punjab']",Dental
Uttaranchal Dental and Medical Research Institute,"['Amritsar, Punjab']",Dental
"Agartala Government Medical College (AGMC), Agartala","['Amritsar, Punjab']",Dental
"Agartala Government Medical College (AGMC), Agartala","['Amritsar, Punjab']",Dental
FAAMC Barpeta,"['Amritsar, Punjab']",Dental
FAAMC Barpeta,"['Amritsar, Punjab']",Dental
Thai Moogambigai Dental College and Hospital,"['Amritsar, Punjab']",Dental
Thai Moogambigai Dental College and Hospital,"['Amritsar, Punjab']",Dental
"A.C.P.M. Dental College (ACMP), Dhule","['Amritsar, Punjab']",Dental
"A.C.P.M. Dental College (ACMP), Dhule","['Amritsar, Punjab']",Dental
"A.C.S. Medical College (ACS), Chennai","['Amritsar, Punjab']",Dental
"A.C.S. Medical College (ACS), Chennai","['Amritsar, Punjab']",Dental
"Guntur Medical College, Guntur","['Amritsar, Punjab']",Dental
"Guntur Medical College, Guntur","['Amritsar, Punjab']",Dental
"Azeezia Dental College (ADC), Kollam","['Amritsar, Punjab']",Dental
"Azeezia Dental College (ADC), Kollam","['Amritsar, Punjab']",Dental
BRDMC Gorakhpur,"['Amritsar, Punjab']",Dental
BRDMC Gorakhpur,"['Amritsar, Punjab']",Dental
B.G.S.Global Institute of Medical Sciences,"['Amritsar, Punjab']",Dental
B.G.S.Global Institute of Medical Sciences,"['Amritsar, Punjab']",Dental
CNMC Kolkata,"['Amritsar, Punjab']",Dental
CNMC Kolkata,"['Amritsar, Punjab']",Dental
Bidar Institute of Medical Sciences,"['Amritsar, Punjab']",Dental
Bidar Institute of Medical Sciences,"['Amritsar, Punjab']",Dental
Career Institute of Medical Sciences & Hospital,"['Amritsar, Punjab']",Dental
Career Institute of Medical Sciences & Hospital,"['Amritsar, Punjab']",Dental
CPGIDSH Lucknow,"['Amritsar, Punjab']",Dental
CPGIDSH Lucknow,"['Amritsar, Punjab']",Dental
College of Medicine and JNM Hospital,"['Amritsar, Punjab']",Dental
College of Medicine and JNM Hospital,"['Amritsar, Punjab']",Dental
DYPMC Pune,"['Amritsar, Punjab']",Dental
DYPMC Pune,"['Amritsar, Punjab']",Dental
FAQs,"['Amritsar, Punjab']",Dental
FAQs,"['Amritsar, Punjab']",Dental
Dental Related News,"['Amritsar, Punjab']",Dental
Dental Related News,"['Amritsar, Punjab']",Dental
Dr. Rajendra Prasad Government Medical College,"['Kangra, Himachal Pradesh']",Dental
Dr. Rajendra Prasad Government Medical College,"['Kangra, Himachal Pradesh']",Dental
ESIC Medical College & Post Graduate Institute of Medical Sciences & Research,"['Kangra, Himachal Pradesh']",Dental
ESIC Medical College & Post Graduate Institute of Medical Sciences & Research,"['Kangra, Himachal Pradesh']",Dental
GRMC Gwalior,"['Kangra, Himachal Pradesh']",Dental
GRMC Gwalior,"['Kangra, Himachal Pradesh']",Dental
Gian Sagar Dental College & Hospital,"['Kangra, Himachal Pradesh']",Dental
Gian Sagar Dental College & Hospital,"['Kangra, Himachal Pradesh']",Dental
"Government Dental College (GDC), Raipur","['Kangra, Himachal Pradesh']",Dental
"Government Dental College (GDC), Raipur","['Kangra, Himachal Pradesh']",Dental
Government Thiruvarur Medical College,"['Kangra, Himachal Pradesh']",Dental
Government Thiruvarur Medical College,"['Kangra, Himachal Pradesh']",Dental
Government T.D. Medical College,"['Kangra, Himachal Pradesh']",Dental
Government T.D. Medical College,"['Kangra, Himachal Pradesh']",Dental
Government Sivagangai Medical College,"['Kangra, Himachal Pradesh']",Dental
Government Sivagangai Medical College,"['Kangra, Himachal Pradesh']",Dental
G.S.L. Medical College,"['Kangra, Himachal Pradesh']",Dental
G.S.L. Medical College,"['Kangra, Himachal Pradesh']",Dental
GTMC Theni,"['Kangra, Himachal Pradesh']",Dental
GTMC Theni,"['Kangra, Himachal Pradesh']",Dental
Guru Gobind Singh Medical College,"['Kangra, Himachal Pradesh']",Dental
Guru Gobind Singh Medical College,"['Kangra, Himachal Pradesh']",Dental
Hassan Institute of Medical Sciences,"['Kangra, Himachal Pradesh']",Dental
Hassan Institute of Medical Sciences,"['Kangra, Himachal Pradesh']",Dental
Hitkarini Dental College,"['Kangra, Himachal Pradesh']",Dental
Hitkarini Dental College,"['Kangra, Himachal Pradesh']",Dental
Index Institute of Dental Science,"['Kangra, Himachal Pradesh']",Dental
Index Institute of Dental Science,"['Kangra, Himachal Pradesh']",Dental
KAPVGMC Tiruchirappalli,"['Kangra, Himachal Pradesh']",Dental
KAPVGMC Tiruchirappalli,"['Kangra, Himachal Pradesh']",Dental
Kalinga Institute of Medical Sciences,"['Kangra, Himachal Pradesh']",Dental
Kalinga Institute of Medical Sciences,"['Kangra, Himachal Pradesh']",Dental
KCGMC Karnal,"['Kangra, Himachal Pradesh']",Dental
KCGMC Karnal,"['Kangra, Himachal Pradesh']",Dental
Konaseema Institute of Medical Sciences & Research Foundation,"['Kangra, Himachal Pradesh']",Dental
Konaseema Institute of Medical Sciences & Research Foundation,"['Kangra, Himachal Pradesh']",Dental
MPSMC Jamnagar,"['Kangra, Himachal Pradesh']",Dental
MPSMC Jamnagar,"['Kangra, Himachal Pradesh']",Dental
Madha Dental College and Hospital,"['Kangra, Himachal Pradesh']",Dental
Madha Dental College and Hospital,"['Kangra, Himachal Pradesh']",Dental
Seema Dental College and Hospital,"['Kangra, Himachal Pradesh']",Dental
Seema Dental College and Hospital,"['Kangra, Himachal Pradesh']",Dental
NRSMC Kolkata,"['Kangra, Himachal Pradesh']",Dental
NRSMC Kolkata,"['Kangra, Himachal Pradesh']",Dental
NBMC Darjeeling,"['Kangra, Himachal Pradesh']",Dental
NBMC Darjeeling,"['Kangra, Himachal Pradesh']",Dental
GMC Kolhapur,"['Kangra, Himachal Pradesh']",Dental
GMC Kolhapur,"['Kangra, Himachal Pradesh']",Dental
Santosh Dental College,"['Kangra, Himachal Pradesh']",Dental
Santosh Dental College,"['Kangra, Himachal Pradesh']",Dental
Raichur Institute of Medical Sciences,"['Kangra, Himachal Pradesh']",Dental
Raichur Institute of Medical Sciences,"['Kangra, Himachal Pradesh']",Dental
RGKMCH Kolkata,"['Kangra, Himachal Pradesh']",Dental
RGKMCH Kolkata,"['Kangra, Himachal Pradesh']",Dental
SIMS Shimoga,"['Kangra, Himachal Pradesh']",Dental
SIMS Shimoga,"['Kangra, Himachal Pradesh']",Dental
SBHGMC Dhule,"['Kangra, Himachal Pradesh']",Dental
SBHGMC Dhule,"['Kangra, Himachal Pradesh']",Dental
Shri Sathya Sai Medical College and Research Institute,"['Kangra, Himachal Pradesh']",Dental
Shri Sathya Sai Medical College and Research Institute,"['Kangra, Himachal Pradesh']",Dental
FAQs,"['Kangra, Himachal Pradesh']",Dental
FAQs,"['Kangra, Himachal Pradesh']",Dental
Dental Related News,"['Kangra, Himachal Pradesh']",Dental
Dental Related News,"['Kangra, Himachal Pradesh']",Dental
Shri Vasant Rao Naik Govt. Medical College,"['Yavatmal, Maharashtra']",Dental
Shri Vasant Rao Naik Govt. Medical College,"['Yavatmal, Maharashtra']",Dental
SBMCH Chennai,"['Yavatmal, Maharashtra']",Dental
SBMCH Chennai,"['Yavatmal, Maharashtra']",Dental
Sri Lakshmi Narayana Institute of Medical Sciences,"['Yavatmal, Maharashtra']",Dental
Sri Lakshmi Narayana Institute of Medical Sciences,"['Yavatmal, Maharashtra']",Dental
Sree Gokulam Medical College and Research Foundation,"['Yavatmal, Maharashtra']",Dental
Sree Gokulam Medical College and Research Foundation,"['Yavatmal, Maharashtra']",Dental
Subharti University,"['Yavatmal, Maharashtra']",Dental
Subharti University,"['Yavatmal, Maharashtra']",Dental
Srinivas Institute of Social Work,"['Yavatmal, Maharashtra']",Dental
Srinivas Institute of Social Work,"['Yavatmal, Maharashtra']",Dental
Tagore Dental College & Hospital,"['Yavatmal, Maharashtra']",Dental
Tagore Dental College & Hospital,"['Yavatmal, Maharashtra']",Dental
SVS Medical College,"['Yavatmal, Maharashtra']",Dental
SVS Medical College,"['Yavatmal, Maharashtra']",Dental
Government Thoothukudi Medical College,"['Yavatmal, Maharashtra']",Dental
Government Thoothukudi Medical College,"['Yavatmal, Maharashtra']",Dental
VIMS Bellary,"['Yavatmal, Maharashtra']",Dental
VIMS Bellary,"['Yavatmal, Maharashtra']",Dental
Government Villupuram Medical College,"['Yavatmal, Maharashtra']",Dental
Government Villupuram Medical College,"['Yavatmal, Maharashtra']",Dental
Veer Surendra Sai Institute of Medical Sciences and Research,"['Yavatmal, Maharashtra']",Dental
Veer Surendra Sai Institute of Medical Sciences and Research,"['Yavatmal, Maharashtra']",Dental
Vardhman Institute of Medical Science,"['Yavatmal, Maharashtra']",Dental
Vardhman Institute of Medical Science,"['Yavatmal, Maharashtra']",Dental
Yenepoya Nursing College,"['Yavatmal, Maharashtra']",Dental
Yenepoya Nursing College,"['Yavatmal, Maharashtra']",Dental
Vidarbha Youth Welfare Society's Dental College & Hospital,"['Yavatmal, Maharashtra']",Dental
Vidarbha Youth Welfare Society's Dental College & Hospital,"['Yavatmal, Maharashtra']",Dental
VSPM Nagpur,"['Yavatmal, Maharashtra']",Dental
VSPM Nagpur,"['Yavatmal, Maharashtra']",Dental
TKDC Kolhapur,"['Yavatmal, Maharashtra']",Dental
TKDC Kolhapur,"['Yavatmal, Maharashtra']",Dental
Swargiya Dadasaheb Kalmegh Smruti Dental College and Hospital,"['Yavatmal, Maharashtra']",Dental
Swargiya Dadasaheb Kalmegh Smruti Dental College and Hospital,"['Yavatmal, Maharashtra']",Dental
Sri Hasanamba Dental College & Hospital,"['Yavatmal, Maharashtra']",Dental
Sri Hasanamba Dental College & Hospital,"['Yavatmal, Maharashtra']",Dental
Manubhai Patel Dental College & Charitable Dental Hospital,"['Yavatmal, Maharashtra']",Dental
Manubhai Patel Dental College & Charitable Dental Hospital,"['Yavatmal, Maharashtra']",Dental
Best Dental Science College,"['Yavatmal, Maharashtra']",Dental
Best Dental Science College,"['Yavatmal, Maharashtra']",Dental
CSI Madurai,"['Yavatmal, Maharashtra']",Dental
CSI Madurai,"['Yavatmal, Maharashtra']",Dental
D.A. Pandu Memorial R.V Dental College,"['Yavatmal, Maharashtra']",Dental
D.A. Pandu Memorial R.V Dental College,"['Yavatmal, Maharashtra']",Dental
Coimbatore Medical College,"['Yavatmal, Maharashtra']",Dental
Coimbatore Medical College,"['Yavatmal, Maharashtra']",Dental
MGMMC Indore,"['Yavatmal, Maharashtra']",Dental
MGMMC Indore,"['Yavatmal, Maharashtra']",Dental
Jaya Group of Institutions,"['Yavatmal, Maharashtra']",Dental
Jaya Group of Institutions,"['Yavatmal, Maharashtra']",Dental
JLNMC Ajmer,"['Yavatmal, Maharashtra']",Dental
JLNMC Ajmer,"['Yavatmal, Maharashtra']",Dental
"Government Medical College (GMCA), Akola","['Yavatmal, Maharashtra']",Dental
"Government Medical College (GMCA), Akola","['Yavatmal, Maharashtra']",Dental
ESIC Dental College & Hospital,"['Yavatmal, Maharashtra']",Dental
ESIC Dental College & Hospital,"['Yavatmal, Maharashtra']",Dental
DSCDS bangalore,"['Yavatmal, Maharashtra']",Dental
DSCDS bangalore,"['Yavatmal, Maharashtra']",Dental
FAQs,"['Yavatmal, Maharashtra']",Dental
FAQs,"['Yavatmal, Maharashtra']",Dental
Dental Related News,"['Yavatmal, Maharashtra']",Dental
Dental Related News,"['Yavatmal, Maharashtra']",Dental
MGMCRI Puducherry,"['Puducherry, Puducherry']",Dental
MGMCRI Puducherry,"['Puducherry, Puducherry']",Dental
Mahe Institute of Dental Sciences & Hospital,"['Puducherry, Puducherry']",Dental
Mahe Institute of Dental Sciences & Hospital,"['Puducherry, Puducherry']",Dental
"Maitri College Of Dentistry and Research Centre, Durg","['Puducherry, Puducherry']",Dental
"Maitri College Of Dentistry and Research Centre, Durg","['Puducherry, Puducherry']",Dental
Mandya Institute of Medical Sciences,"['Puducherry, Puducherry']",Dental
Mandya Institute of Medical Sciences,"['Puducherry, Puducherry']",Dental
Karmaveer Bhausaheb Hiray Dental College and Hospital,"['Puducherry, Puducherry']",Dental
Karmaveer Bhausaheb Hiray Dental College and Hospital,"['Puducherry, Puducherry']",Dental
MGM Dental College,"['Puducherry, Puducherry']",Dental
MGM Dental College,"['Puducherry, Puducherry']",Dental
MDCRC Indore,"['Puducherry, Puducherry']",Dental
MDCRC Indore,"['Puducherry, Puducherry']",Dental
M.N.D.A.V. Dental College,"['Puducherry, Puducherry']",Dental
M.N.D.A.V. Dental College,"['Puducherry, Puducherry']",Dental
NHDCRI Bilaspur,"['Puducherry, Puducherry']",Dental
NHDCRI Bilaspur,"['Puducherry, Puducherry']",Dental
NIHER Patna,"['Puducherry, Puducherry']",Dental
NIHER Patna,"['Puducherry, Puducherry']",Dental
Panineeya Mahavidyala Institute of Dental Sciences and Research Center,"['Puducherry, Puducherry']",Dental
Panineeya Mahavidyala Institute of Dental Sciences and Research Center,"['Puducherry, Puducherry']",Dental
PDC Patna,"['Puducherry, Puducherry']",Dental
PDC Patna,"['Puducherry, Puducherry']",Dental
PDM Dental College & Research Institute,"['Puducherry, Puducherry']",Dental
PDM Dental College & Research Institute,"['Puducherry, Puducherry']",Dental
Priyadarshini Dental College and Hospital,"['Puducherry, Puducherry']",Dental
Priyadarshini Dental College and Hospital,"['Puducherry, Puducherry']",Dental
Purvanchal Institute of dental Sciences,"['Puducherry, Puducherry']",Dental
Purvanchal Institute of dental Sciences,"['Puducherry, Puducherry']",Dental
RVS Coimbatore,"['Puducherry, Puducherry']",Dental
RVS Coimbatore,"['Puducherry, Puducherry']",Dental
M.V. College,"['Puducherry, Puducherry']",Dental
M.V. College,"['Puducherry, Puducherry']",Dental
"Government Medical College (GMC), Patiala","['Puducherry, Puducherry']",Dental
"Government Medical College (GMC), Patiala","['Puducherry, Puducherry']",Dental
Darshan Dental College and Hospital,"['Puducherry, Puducherry']",Dental
Darshan Dental College and Hospital,"['Puducherry, Puducherry']",Dental
"Al-Ameen Medical College (AAMC), Bangalore","['Puducherry, Puducherry']",Dental
"Al-Ameen Medical College (AAMC), Bangalore","['Puducherry, Puducherry']",Dental
"Government Medical College (GMC), Jammu","['Puducherry, Puducherry']",Dental
"Government Medical College (GMC), Jammu","['Puducherry, Puducherry']",Dental
Asan Memorial Dental College and Hospital,"['Puducherry, Puducherry']",Dental
Asan Memorial Dental College and Hospital,"['Puducherry, Puducherry']",Dental
Govt Medical College Nagpur,"['Puducherry, Puducherry']",Dental
Govt Medical College Nagpur,"['Puducherry, Puducherry']",Dental
Karnavati School of Dentistry,"['Puducherry, Puducherry']",Dental
Karnavati School of Dentistry,"['Puducherry, Puducherry']",Dental
RCDS Bhopal,"['Puducherry, Puducherry']",Dental
RCDS Bhopal,"['Puducherry, Puducherry']",Dental
PMCH Dhanbad,"['Puducherry, Puducherry']",Dental
PMCH Dhanbad,"['Puducherry, Puducherry']",Dental
Indira Gandhi Institute of Dental Sciences,"['Puducherry, Puducherry']",Dental
Indira Gandhi Institute of Dental Sciences,"['Puducherry, Puducherry']",Dental
Anil Neerukonda Institute Of Dental Sciences,"['Puducherry, Puducherry']",Dental
Anil Neerukonda Institute Of Dental Sciences,"['Puducherry, Puducherry']",Dental
CDS Davangere,"['Puducherry, Puducherry']",Dental
CDS Davangere,"['Puducherry, Puducherry']",Dental
Sri Rajiv Gandhi College of Dental Sciences & Hospital,"['Puducherry, Puducherry']",Dental
Sri Rajiv Gandhi College of Dental Sciences & Hospital,"['Puducherry, Puducherry']",Dental
FAQs,"['Puducherry, Puducherry']",Dental
FAQs,"['Puducherry, Puducherry']",Dental
Dental Related News,"['Puducherry, Puducherry']",Dental
Dental Related News,"['Puducherry, Puducherry']",Dental
Karpagam Faculty of Medical Sciences & Research,"['Coimbatore, Tamil Nadu']",Dental
Karpagam Faculty of Medical Sciences & Research,"['Coimbatore, Tamil Nadu']",Dental
Institute of Rehabilitation Sciences,"['Coimbatore, Tamil Nadu']",Dental
Institute of Rehabilitation Sciences,"['Coimbatore, Tamil Nadu']",Dental
KSR Educational Institutions,"['Coimbatore, Tamil Nadu']",Dental
KSR Educational Institutions,"['Coimbatore, Tamil Nadu']",Dental
GDMC Dharmapuri,"['Coimbatore, Tamil Nadu']",Dental
GDMC Dharmapuri,"['Coimbatore, Tamil Nadu']",Dental
Governmernt Vellore Medical College,"['Coimbatore, Tamil Nadu']",Dental
Governmernt Vellore Medical College,"['Coimbatore, Tamil Nadu']",Dental
B N Patel Institute of Paramedical and Science,"['Coimbatore, Tamil Nadu']",Dental
B N Patel Institute of Paramedical and Science,"['Coimbatore, Tamil Nadu']",Dental
Vaidik Dental College And Research Centre,"['Coimbatore, Tamil Nadu']",Dental
Vaidik Dental College And Research Centre,"['Coimbatore, Tamil Nadu']",Dental
"Government Dental College & Hospital (GDCH), Vijayawada","['Coimbatore, Tamil Nadu']",Dental
"Government Dental College & Hospital (GDCH), Vijayawada","['Coimbatore, Tamil Nadu']",Dental
Himachal Institute of Dental Sciences,"['Coimbatore, Tamil Nadu']",Dental
Himachal Institute of Dental Sciences,"['Coimbatore, Tamil Nadu']",Dental
Bhojia Dental College and Hospital,"['Coimbatore, Tamil Nadu']",Dental
Bhojia Dental College and Hospital,"['Coimbatore, Tamil Nadu']",Dental
"Annoor Dental College (ADC), Ernakulam","['Coimbatore, Tamil Nadu']",Dental
"Annoor Dental College (ADC), Ernakulam","['Coimbatore, Tamil Nadu']",Dental
Dr. K. R. Adhikary College of Optometry & Paramedical Technology,"['Coimbatore, Tamil Nadu']",Dental
Dr. K. R. Adhikary College of Optometry & Paramedical Technology,"['Coimbatore, Tamil Nadu']",Dental
Yogita Dental College & Hospital,"['Coimbatore, Tamil Nadu']",Dental
Yogita Dental College & Hospital,"['Coimbatore, Tamil Nadu']",Dental
SDCH Pune,"['Coimbatore, Tamil Nadu']",Dental
SDCH Pune,"['Coimbatore, Tamil Nadu']",Dental
SDDCH Parbhani,"['Coimbatore, Tamil Nadu']",Dental
SDDCH Parbhani,"['Coimbatore, Tamil Nadu']",Dental
YCDC or Yashwantrao Chavan Dental College,"['Coimbatore, Tamil Nadu']",Dental
YCDC or Yashwantrao Chavan Dental College,"['Coimbatore, Tamil Nadu']",Dental
SMBT Dental College & Hospital,"['Coimbatore, Tamil Nadu']",Dental
SMBT Dental College & Hospital,"['Coimbatore, Tamil Nadu']",Dental
Terna Dental College,"['Coimbatore, Tamil Nadu']",Dental
Terna Dental College,"['Coimbatore, Tamil Nadu']",Dental
Rungta College of Dental Sciences & Research,"['Coimbatore, Tamil Nadu']",Dental
Rungta College of Dental Sciences & Research,"['Coimbatore, Tamil Nadu']",Dental
Y.M.T. Dental College and Research Institute,"['Coimbatore, Tamil Nadu']",Dental
Y.M.T. Dental College and Research Institute,"['Coimbatore, Tamil Nadu']",Dental
"Govt. Dental College (GDC), Srinagar","['Coimbatore, Tamil Nadu']",Dental
"Govt. Dental College (GDC), Srinagar","['Coimbatore, Tamil Nadu']",Dental
MAEER Pune's Maharashtra Institute of Dental Sciences & Research (Dental College & Hospital),"['Coimbatore, Tamil Nadu']",Dental
MAEER Pune's Maharashtra Institute of Dental Sciences & Research (Dental College & Hospital),"['Coimbatore, Tamil Nadu']",Dental
Mother Teresa Industrial Training Institute,"['Coimbatore, Tamil Nadu']",Dental
Mother Teresa Industrial Training Institute,"['Coimbatore, Tamil Nadu']",Dental
Dr.S. Radhakrishnan College of Business Management,"['Coimbatore, Tamil Nadu']",Dental
Dr.S. Radhakrishnan College of Business Management,"['Coimbatore, Tamil Nadu']",Dental
J.K.K. Nattraja Dental College & Hospital,"['Coimbatore, Tamil Nadu']",Dental
J.K.K. Nattraja Dental College & Hospital,"['Coimbatore, Tamil Nadu']",Dental
Narayana Dental College & Hospital,"['Coimbatore, Tamil Nadu']",Dental
Narayana Dental College & Hospital,"['Coimbatore, Tamil Nadu']",Dental
Gitam Institute of Medical Sciences and Research,"['Coimbatore, Tamil Nadu']",Dental
Gitam Institute of Medical Sciences and Research,"['Coimbatore, Tamil Nadu']",Dental
CDSH Indore,"['Coimbatore, Tamil Nadu']",Dental
CDSH Indore,"['Coimbatore, Tamil Nadu']",Dental
Dr. Harvansh Singh Judge Institute of Dental Sciences & Hospital,"['Coimbatore, Tamil Nadu']",Dental
Dr. Harvansh Singh Judge Institute of Dental Sciences & Hospital,"['Coimbatore, Tamil Nadu']",Dental
Rural Dental College,"['Coimbatore, Tamil Nadu']",Dental
Rural Dental College,"['Coimbatore, Tamil Nadu']",Dental
FAQs,"['Coimbatore, Tamil Nadu']",Dental
FAQs,"['Coimbatore, Tamil Nadu']",Dental
Dental Related News,"['Coimbatore, Tamil Nadu']",Dental
Dental Related News,"['Coimbatore, Tamil Nadu']",Dental
Maratha Mandal's Nathajirao G. Halgekar Institute of Dental Sciences & Research Centre,"['Belgaum, Karnataka']",Dental
Maratha Mandal's Nathajirao G. Halgekar Institute of Dental Sciences & Research Centre,"['Belgaum, Karnataka']",Dental
Maharaj Ganga Singh Dental College & Research Centre,"['Belgaum, Karnataka']",Dental
Maharaj Ganga Singh Dental College & Research Centre,"['Belgaum, Karnataka']",Dental
"Ahmedabad Dental College (ADC), Ahmedabad","['Belgaum, Karnataka']",Dental
"Ahmedabad Dental College (ADC), Ahmedabad","['Belgaum, Karnataka']",Dental
College of Dental Sciences & Research Centre,"['Belgaum, Karnataka']",Dental
College of Dental Sciences & Research Centre,"['Belgaum, Karnataka']",Dental
Goenka Research Institute of Dental Science,"['Belgaum, Karnataka']",Dental
Goenka Research Institute of Dental Science,"['Belgaum, Karnataka']",Dental
Drs Sudha & Nageswara Rao Siddhartha Institute of Dental Science,"['Belgaum, Karnataka']",Dental
Drs Sudha & Nageswara Rao Siddhartha Institute of Dental Science,"['Belgaum, Karnataka']",Dental
I.T.S Dental College,"['Belgaum, Karnataka']",Dental
I.T.S Dental College,"['Belgaum, Karnataka']",Dental
Babe Ke Ayurvedic Medical College and Hospital,"['Belgaum, Karnataka']",Dental
Babe Ke Ayurvedic Medical College and Hospital,"['Belgaum, Karnataka']",Dental
G Pulla Reddy Dental College & Hospital,"['Belgaum, Karnataka']",Dental
G Pulla Reddy Dental College & Hospital,"['Belgaum, Karnataka']",Dental
Jan Nayak Ch. Devi Lal Dental College,"['Belgaum, Karnataka']",Dental
Jan Nayak Ch. Devi Lal Dental College,"['Belgaum, Karnataka']",Dental
Kalka Dental College Meerut,"['Belgaum, Karnataka']",Dental
Kalka Dental College Meerut,"['Belgaum, Karnataka']",Dental
Inderprastha Dental College & Hospital,"['Belgaum, Karnataka']",Dental
Inderprastha Dental College & Hospital,"['Belgaum, Karnataka']",Dental
Faculty of Dentistry,"['Belgaum, Karnataka']",Dental
Faculty of Dentistry,"['Belgaum, Karnataka']",Dental
Shree Bankey Bihari Dental College & Research Centre,"['Belgaum, Karnataka']",Dental
Shree Bankey Bihari Dental College & Research Centre,"['Belgaum, Karnataka']",Dental
"Institute of Dental Sciences (IDS), Bareilly","['Belgaum, Karnataka']",Dental
"Institute of Dental Sciences (IDS), Bareilly","['Belgaum, Karnataka']",Dental
Chandra Dental College & Hospital,"['Belgaum, Karnataka']",Dental
Chandra Dental College & Hospital,"['Belgaum, Karnataka']",Dental
Divya Jyoti College of Dental Sciences & Research,"['Belgaum, Karnataka']",Dental
Divya Jyoti College of Dental Sciences & Research,"['Belgaum, Karnataka']",Dental
SGT Gurgaon,"['Belgaum, Karnataka']",Dental
SGT Gurgaon,"['Belgaum, Karnataka']",Dental
Kamineni Institute of Dental Sciences,"['Belgaum, Karnataka']",Dental
Kamineni Institute of Dental Sciences,"['Belgaum, Karnataka']",Dental
"Dental College and Hospital (DCHS), Sangli","['Belgaum, Karnataka']",Dental
"Dental College and Hospital (DCHS), Sangli","['Belgaum, Karnataka']",Dental
"Dental College and Hospital (DCH), Navi Mumbai","['Belgaum, Karnataka']",Dental
"Dental College and Hospital (DCH), Navi Mumbai","['Belgaum, Karnataka']",Dental
GDC Goa,"['Belgaum, Karnataka']",Dental
GDC Goa,"['Belgaum, Karnataka']",Dental
Baba Jaswant Singh Dental College Hospital & Research Institute,"['Belgaum, Karnataka']",Dental
Baba Jaswant Singh Dental College Hospital & Research Institute,"['Belgaum, Karnataka']",Dental
VDCH Jodhpur,"['Belgaum, Karnataka']",Dental
VDCH Jodhpur,"['Belgaum, Karnataka']",Dental
"AECS Maaruti College of Dental Sciences & Research Center (AECSMCDSRC), Bangalore","['Belgaum, Karnataka']",Dental
"AECS Maaruti College of Dental Sciences & Research Center (AECSMCDSRC), Bangalore","['Belgaum, Karnataka']",Dental
"Al Badar Dental College & Hospital (ABDCH), Gulbarga","['Belgaum, Karnataka']",Dental
"Al Badar Dental College & Hospital (ABDCH), Gulbarga","['Belgaum, Karnataka']",Dental
Coorg Instituite of Dental Sciences,"['Belgaum, Karnataka']",Dental
Coorg Instituite of Dental Sciences,"['Belgaum, Karnataka']",Dental
Jhalawar Hospital & Medical College,"['Belgaum, Karnataka']",Dental
Jhalawar Hospital & Medical College,"['Belgaum, Karnataka']",Dental
RUHS College of Dental Sciences,"['Belgaum, Karnataka']",Dental
RUHS College of Dental Sciences,"['Belgaum, Karnataka']",Dental
Farooqia Dental College,"['Belgaum, Karnataka']",Dental
Farooqia Dental College,"['Belgaum, Karnataka']",Dental
FAQs,"['Belgaum, Karnataka']",Dental
FAQs,"['Belgaum, Karnataka']",Dental
Dental Related News,"['Belgaum, Karnataka']",Dental
Dental Related News,"['Belgaum, Karnataka']",Dental
KGF College of Dental Sciences & Hospital,"['Kolar, Karnataka']",Dental
KGF College of Dental Sciences & Hospital,"['Kolar, Karnataka']",Dental
SKMC Muzaffarpur,"['Kolar, Karnataka']",Dental
SKMC Muzaffarpur,"['Kolar, Karnataka']",Dental
NMCH Patna,"['Kolar, Karnataka']",Dental
NMCH Patna,"['Kolar, Karnataka']",Dental
Dasmesh College Of Nursing,"['Kolar, Karnataka']",Dental
Dasmesh College Of Nursing,"['Kolar, Karnataka']",Dental
Kannur Medical college,"['Kolar, Karnataka']",Dental
Kannur Medical college,"['Kolar, Karnataka']",Dental
"Triveni Institute Of Dental Sciences, Hospital & Research Centre","['Kolar, Karnataka']",Dental
"Triveni Institute Of Dental Sciences, Hospital & Research Centre","['Kolar, Karnataka']",Dental
Sree Mookambika Institute Of Medical Sciences,"['Kolar, Karnataka']",Dental
Sree Mookambika Institute Of Medical Sciences,"['Kolar, Karnataka']",Dental
Guru Nanak Dental College and Research Institute,"['Kolar, Karnataka']",Dental
Guru Nanak Dental College and Research Institute,"['Kolar, Karnataka']",Dental
Shaheed Kartar Singh Sarabha Dental College and Hospital,"['Kolar, Karnataka']",Dental
Shaheed Kartar Singh Sarabha Dental College and Hospital,"['Kolar, Karnataka']",Dental
Melmaruvathur Adhiparasakthi Institute of Medical Sciences & Research,"['Kolar, Karnataka']",Dental
Melmaruvathur Adhiparasakthi Institute of Medical Sciences & Research,"['Kolar, Karnataka']",Dental
KSR K.S Rangasamy Institute of Dental Science and Research.,"['Kolar, Karnataka']",Dental
KSR K.S Rangasamy Institute of Dental Science and Research.,"['Kolar, Karnataka']",Dental
Dr. B.R. Ambedkar Institute Of Dental Sciences & Hospital,"['Kolar, Karnataka']",Dental
Dr. B.R. Ambedkar Institute Of Dental Sciences & Hospital,"['Kolar, Karnataka']",Dental
Sree Mookambika Institute of Dental Sciences,"['Kolar, Karnataka']",Dental
Sree Mookambika Institute of Dental Sciences,"['Kolar, Karnataka']",Dental
IIMT Institute Of Teachers Education,"['Kolar, Karnataka']",Dental
IIMT Institute Of Teachers Education,"['Kolar, Karnataka']",Dental
Mar Baselios Dental College,"['Kolar, Karnataka']",Dental
Mar Baselios Dental College,"['Kolar, Karnataka']",Dental
Sibar Institute of Dental Sciences,"['Kolar, Karnataka']",Dental
Sibar Institute of Dental Sciences,"['Kolar, Karnataka']",Dental
Hi-Tech Dental College & Hospital,"['Kolar, Karnataka']",Dental
Hi-Tech Dental College & Hospital,"['Kolar, Karnataka']",Dental
Chakradhara Institute of Rehabilitation Sciences,"['Kolar, Karnataka']",Dental
Chakradhara Institute of Rehabilitation Sciences,"['Kolar, Karnataka']",Dental
National Dental College & Hospital,"['Kolar, Karnataka']",Dental
National Dental College & Hospital,"['Kolar, Karnataka']",Dental
Babu Banarasi Das College of Dental Sciences,"['Kolar, Karnataka']",Dental
Babu Banarasi Das College of Dental Sciences,"['Kolar, Karnataka']",Dental
Pariyaram Dental College,"['Kolar, Karnataka']",Dental
Pariyaram Dental College,"['Kolar, Karnataka']",Dental
Genesis Institute of Dental Sciences & Research,"['Kolar, Karnataka']",Dental
Genesis Institute of Dental Sciences & Research,"['Kolar, Karnataka']",Dental
Melaka-Manipal Medical College (MMMC) Manipal,"['Kolar, Karnataka']",Dental
Melaka-Manipal Medical College (MMMC) Manipal,"['Kolar, Karnataka']",Dental
Manipal University - School Of Allied Health Sciences,"['Kolar, Karnataka']",Dental
Manipal University - School Of Allied Health Sciences,"['Kolar, Karnataka']",Dental
K M Shah Dental College & Hospital,"['Kolar, Karnataka']",Dental
K M Shah Dental College & Hospital,"['Kolar, Karnataka']",Dental
Educare Institute Of Dental Sciences,"['Kolar, Karnataka']",Dental
Educare Institute Of Dental Sciences,"['Kolar, Karnataka']",Dental
Royal Dental College,"['Kolar, Karnataka']",Dental
Royal Dental College,"['Kolar, Karnataka']",Dental
Malabar Dental College & Research Centre,"['Kolar, Karnataka']",Dental
Malabar Dental College & Research Centre,"['Kolar, Karnataka']",Dental
PMS College of Dental Science & Research,"['Kolar, Karnataka']",Dental
PMS College of Dental Science & Research,"['Kolar, Karnataka']",Dental
Sri Sankara Dental College,"['Kolar, Karnataka']",Dental
Sri Sankara Dental College,"['Kolar, Karnataka']",Dental
FAQs,"['Kolar, Karnataka']",Dental
FAQs,"['Kolar, Karnataka']",Dental
Dental Related News,"['Kolar, Karnataka']",Dental
Dental Related News,"['Kolar, Karnataka']",Dental
"Govt. Medical College (GMC), Kottayam","['Kottayam, Kerala']",Dental
"Govt. Medical College (GMC), Kottayam","['Kottayam, Kerala']",Dental
KIMS College of Nursing,"['Kottayam, Kerala']",Dental
KIMS College of Nursing,"['Kottayam, Kerala']",Dental
Sree Anjaneya Institute of Dental Sciences,"['Kottayam, Kerala']",Dental
Sree Anjaneya Institute of Dental Sciences,"['Kottayam, Kerala']",Dental
Sree Sudheendra Medical Mission,"['Kottayam, Kerala']",Dental
Sree Sudheendra Medical Mission,"['Kottayam, Kerala']",Dental
"Govt. Medical College (GMC), Malapuram","['Kottayam, Kerala']",Dental
"Govt. Medical College (GMC), Malapuram","['Kottayam, Kerala']",Dental
Vinayaka College & School of Nursing,"['Kottayam, Kerala']",Dental
Vinayaka College & School of Nursing,"['Kottayam, Kerala']",Dental
"Awadh Dental College (ADC), Jamshedpur","['Kottayam, Kerala']",Dental
"Awadh Dental College (ADC), Jamshedpur","['Kottayam, Kerala']",Dental
"A.C.Subba Reddy Government Medical College (ACSRGMC), Nellore","['Kottayam, Kerala']",Dental
"A.C.Subba Reddy Government Medical College (ACSRGMC), Nellore","['Kottayam, Kerala']",Dental
GITAM Dental College & Hospital,"['Kottayam, Kerala']",Dental
GITAM Dental College & Hospital,"['Kottayam, Kerala']",Dental
"Government Dental College (GDC), Thiruvananthapuram","['Kottayam, Kerala']",Dental
"Government Dental College (GDC), Thiruvananthapuram","['Kottayam, Kerala']",Dental
KLE Society s Institute of Dental Sciences,"['Kottayam, Kerala']",Dental
KLE Society s Institute of Dental Sciences,"['Kottayam, Kerala']",Dental
S B Patil Dental College And Hospital,"['Kottayam, Kerala']",Dental
S B Patil Dental College And Hospital,"['Kottayam, Kerala']",Dental
S.J.M Dental College And Hospital,"['Kottayam, Kerala']",Dental
S.J.M Dental College And Hospital,"['Kottayam, Kerala']",Dental
KVG Dental College & Hospital,"['Kottayam, Kerala']",Dental
KVG Dental College & Hospital,"['Kottayam, Kerala']",Dental
Jodhpur Dental College General Hospital,"['Kottayam, Kerala']",Dental
Jodhpur Dental College General Hospital,"['Kottayam, Kerala']",Dental
MES Dental College,"['Kottayam, Kerala']",Dental
MES Dental College,"['Kottayam, Kerala']",Dental
Himachal Dental College,"['Kottayam, Kerala']",Dental
Himachal Dental College,"['Kottayam, Kerala']",Dental
Daswani Dental College & Research Center,"['Kottayam, Kerala']",Dental
Daswani Dental College & Research Center,"['Kottayam, Kerala']",Dental
Dr.NSAM PU College,"['Kottayam, Kerala']",Dental
Dr.NSAM PU College,"['Kottayam, Kerala']",Dental
"Institute of Dental Sciences (IDS), Jammu","['Kottayam, Kerala']",Dental
"Institute of Dental Sciences (IDS), Jammu","['Kottayam, Kerala']",Dental
Sree Balaji College of Physiotherapy,"['Kottayam, Kerala']",Dental
Sree Balaji College of Physiotherapy,"['Kottayam, Kerala']",Dental
Shree Sai Private ITI,"['Kottayam, Kerala']",Dental
Shree Sai Private ITI,"['Kottayam, Kerala']",Dental
PIDC Salem,"['Kottayam, Kerala']",Dental
PIDC Salem,"['Kottayam, Kerala']",Dental
Malla Reddy Medical College for Women,"['Kottayam, Kerala']",Dental
Malla Reddy Medical College for Women,"['Kottayam, Kerala']",Dental
Mamata Dental College,"['Kottayam, Kerala']",Dental
Mamata Dental College,"['Kottayam, Kerala']",Dental
Sree Sai Dental College & Research Institute,"['Kottayam, Kerala']",Dental
Sree Sai Dental College & Research Institute,"['Kottayam, Kerala']",Dental
KLR s Lenora Institute Of Dental Science,"['Kottayam, Kerala']",Dental
KLR s Lenora Institute Of Dental Science,"['Kottayam, Kerala']",Dental
Eklavya Dental College & Hospital,"['Kottayam, Kerala']",Dental
Eklavya Dental College & Hospital,"['Kottayam, Kerala']",Dental
IGMCRI Puducherry,"['Kottayam, Kerala']",Dental
IGMCRI Puducherry,"['Kottayam, Kerala']",Dental
Burdwan Dental College,"['Kottayam, Kerala']",Dental
Burdwan Dental College,"['Kottayam, Kerala']",Dental
FAQs,"['Kottayam, Kerala']",Dental
FAQs,"['Kottayam, Kerala']",Dental
Dental Related News,"['Kottayam, Kerala']",Dental
Dental Related News,"['Kottayam, Kerala']",Dental
CDCRI Rajnandgaon,"['Rajnandgaon, Chhattisgarh']",Dental
CDCRI Rajnandgaon,"['Rajnandgaon, Chhattisgarh']",Dental
BIDSH Patna,"['Rajnandgaon, Chhattisgarh']",Dental
BIDSH Patna,"['Rajnandgaon, Chhattisgarh']",Dental
Kingston College of Science,"['Rajnandgaon, Chhattisgarh']",Dental
Kingston College of Science,"['Rajnandgaon, Chhattisgarh']",Dental
Siddhpur Dental Collage & Hospital,"['Rajnandgaon, Chhattisgarh']",Dental
Siddhpur Dental Collage & Hospital,"['Rajnandgaon, Chhattisgarh']",Dental
Government Chengalpattu Medical College,"['Rajnandgaon, Chhattisgarh']",Dental
Government Chengalpattu Medical College,"['Rajnandgaon, Chhattisgarh']",Dental
Sri Ramakrishna Dental College & Hospital,"['Rajnandgaon, Chhattisgarh']",Dental
Sri Ramakrishna Dental College & Hospital,"['Rajnandgaon, Chhattisgarh']",Dental
Sherli Marin Para Medical College,"['Rajnandgaon, Chhattisgarh']",Dental
Sherli Marin Para Medical College,"['Rajnandgaon, Chhattisgarh']",Dental
Chennai Dental Research Foundation,"['Rajnandgaon, Chhattisgarh']",Dental
Chennai Dental Research Foundation,"['Rajnandgaon, Chhattisgarh']",Dental
Rajiv Gandhi Paramedical Institute,"['Rajnandgaon, Chhattisgarh']",Dental
Rajiv Gandhi Paramedical Institute,"['Rajnandgaon, Chhattisgarh']",Dental
"Govt. Dental College (GDC), Patiala","['Rajnandgaon, Chhattisgarh']",Dental
"Govt. Dental College (GDC), Patiala","['Rajnandgaon, Chhattisgarh']",Dental
Desh Bhagat Dental College and Hospital,"['Rajnandgaon, Chhattisgarh']",Dental
Desh Bhagat Dental College and Hospital,"['Rajnandgaon, Chhattisgarh']",Dental
Luxmi Bai Institute of Dental Sciences & Hospital,"['Rajnandgaon, Chhattisgarh']",Dental
Luxmi Bai Institute of Dental Sciences & Hospital,"['Rajnandgaon, Chhattisgarh']",Dental
IDST Ghaziabad,"['Rajnandgaon, Chhattisgarh']",Dental
IDST Ghaziabad,"['Rajnandgaon, Chhattisgarh']",Dental
"Govt. Dental College (GDC), Ahmedabad","['Rajnandgaon, Chhattisgarh']",Dental
"Govt. Dental College (GDC), Ahmedabad","['Rajnandgaon, Chhattisgarh']",Dental
Karnataka Institute of Medical Sciences,"['Rajnandgaon, Chhattisgarh']",Dental
Karnataka Institute of Medical Sciences,"['Rajnandgaon, Chhattisgarh']",Dental
Koppal Institute of Medical Sciences,"['Rajnandgaon, Chhattisgarh']",Dental
Koppal Institute of Medical Sciences,"['Rajnandgaon, Chhattisgarh']",Dental
Gadag Institute of Medical Sciences,"['Rajnandgaon, Chhattisgarh']",Dental
Gadag Institute of Medical Sciences,"['Rajnandgaon, Chhattisgarh']",Dental
"JIS University, Kolkata","['Rajnandgaon, Chhattisgarh']",Dental
"JIS University, Kolkata","['Rajnandgaon, Chhattisgarh']",Dental
JIPMER Puducherry,"['Rajnandgaon, Chhattisgarh']",Dental
JIPMER Puducherry,"['Rajnandgaon, Chhattisgarh']",Dental
MM Group of Institutions,"['Rajnandgaon, Chhattisgarh']",Dental
MM Group of Institutions,"['Rajnandgaon, Chhattisgarh']",Dental
DY Patil University,"['Rajnandgaon, Chhattisgarh']",Dental
DY Patil University,"['Rajnandgaon, Chhattisgarh']",Dental
"Faculty of Pharmacy, Dharmsinh Desai University","['Rajnandgaon, Chhattisgarh']",Dental
"Faculty of Pharmacy, Dharmsinh Desai University","['Rajnandgaon, Chhattisgarh']",Dental
SWAMI DEVI DYAL INSTITUTE OF ENGINEERING,"['Rajnandgaon, Chhattisgarh']",Dental
SWAMI DEVI DYAL INSTITUTE OF ENGINEERING,"['Rajnandgaon, Chhattisgarh']",Dental
Sri Sai University,"['Rajnandgaon, Chhattisgarh']",Dental
Sri Sai University,"['Rajnandgaon, Chhattisgarh']",Dental
PEOPLE'S INSTITUTE OF PHARMACY & RESEARCH CENTRE,"['Rajnandgaon, Chhattisgarh']",Dental
PEOPLE'S INSTITUTE OF PHARMACY & RESEARCH CENTRE,"['Rajnandgaon, Chhattisgarh']",Dental
PRAGYAN RESEARCH INSTITUTE OF DIPLOMA ENGINEERING,"['Rajnandgaon, Chhattisgarh']",Dental
PRAGYAN RESEARCH INSTITUTE OF DIPLOMA ENGINEERING,"['Rajnandgaon, Chhattisgarh']",Dental
Surendera Group of Institutions,"['Rajnandgaon, Chhattisgarh']",Dental
Surendera Group of Institutions,"['Rajnandgaon, Chhattisgarh']",Dental
"King George'S Medical University
                        (KGMU)
                        , Lucknow","['Rajnandgaon, Chhattisgarh']",Dental
"King George'S Medical University
                        (KGMU)
                        , Lucknow","['Rajnandgaon, Chhattisgarh']",Dental
"Government Medical College, Kozhikode","['Rajnandgaon, Chhattisgarh']",Dental
"Government Medical College, Kozhikode","['Rajnandgaon, Chhattisgarh']",Dental
"Government Medical College
                        , Bhavnagar","['Rajnandgaon, Chhattisgarh']",Dental
"Government Medical College
                        , Bhavnagar","['Rajnandgaon, Chhattisgarh']",Dental
FAQs,"['Rajnandgaon, Chhattisgarh']",Dental
FAQs,"['Rajnandgaon, Chhattisgarh']",Dental
Dental Related News,"['Rajnandgaon, Chhattisgarh']",Dental
Dental Related News,"['Rajnandgaon, Chhattisgarh']",Dental
ESIC Dental College,"['Gulbarga, Karnataka']",Dental
ESIC Dental College,"['Gulbarga, Karnataka']",Dental
"Government Medical College, Gondia","['Gulbarga, Karnataka']",Dental
"Government Medical College, Gondia","['Gulbarga, Karnataka']",Dental
PDM University,"['Gulbarga, Karnataka']",Dental
PDM University,"['Gulbarga, Karnataka']",Dental
MMU Mullana,"['Gulbarga, Karnataka']",Dental
MMU Mullana,"['Gulbarga, Karnataka']",Dental
Sri Sukhmani Group of Institutions,"['Gulbarga, Karnataka']",Dental
Sri Sukhmani Group of Institutions,"['Gulbarga, Karnataka']",Dental
KLE Group of Institutions,"['Gulbarga, Karnataka']",Dental
KLE Group of Institutions,"['Gulbarga, Karnataka']",Dental
Rayat Bahra University,"['Gulbarga, Karnataka']",Dental
Rayat Bahra University,"['Gulbarga, Karnataka']",Dental
KIIT University,"['Gulbarga, Karnataka']",Dental
KIIT University,"['Gulbarga, Karnataka']",Dental
Pacific University,"['Gulbarga, Karnataka']",Dental
Pacific University,"['Gulbarga, Karnataka']",Dental
Adesh University,"['Gulbarga, Karnataka']",Dental
Adesh University,"['Gulbarga, Karnataka']",Dental
Aditya Education Society,"['Gulbarga, Karnataka']",Dental
Aditya Education Society,"['Gulbarga, Karnataka']",Dental
Alazhar Medical College,"['Gulbarga, Karnataka']",Dental
Alazhar Medical College,"['Gulbarga, Karnataka']",Dental
Desh Bhagat University,"['Gulbarga, Karnataka']",Dental
Desh Bhagat University,"['Gulbarga, Karnataka']",Dental
"Babu Banarasi Das University (BBDU), Lucknow","['Gulbarga, Karnataka']",Dental
"Babu Banarasi Das University (BBDU), Lucknow","['Gulbarga, Karnataka']",Dental
"Teerthanker Mahaveer University (TMU), Moradabad","['Gulbarga, Karnataka']",Dental
"Teerthanker Mahaveer University (TMU), Moradabad","['Gulbarga, Karnataka']",Dental
GGSIPU,"['Gulbarga, Karnataka']",Dental
GGSIPU,"['Gulbarga, Karnataka']",Dental
Vinayaka Mission University,"['Gulbarga, Karnataka']",Dental
Vinayaka Mission University,"['Gulbarga, Karnataka']",Dental
Manav Rachna University,"['Gulbarga, Karnataka']",Dental
Manav Rachna University,"['Gulbarga, Karnataka']",Dental
Guru Kashi University,"['Gulbarga, Karnataka']",Dental
Guru Kashi University,"['Gulbarga, Karnataka']",Dental
BHU,"['Gulbarga, Karnataka']",Dental
BHU,"['Gulbarga, Karnataka']",Dental
Yamuna Group of Institutions,"['Gulbarga, Karnataka']",Dental
Yamuna Group of Institutions,"['Gulbarga, Karnataka']",Dental
Anjarakandy Integrated Campus,"['Gulbarga, Karnataka']",Dental
Anjarakandy Integrated Campus,"['Gulbarga, Karnataka']",Dental
Bhabha Group Of Institutions,"['Gulbarga, Karnataka']",Dental
Bhabha Group Of Institutions,"['Gulbarga, Karnataka']",Dental
Dr. D. Y. Patil Group Of Colleges,"['Gulbarga, Karnataka']",Dental
Dr. D. Y. Patil Group Of Colleges,"['Gulbarga, Karnataka']",Dental
Index Group Of Colleges,"['Gulbarga, Karnataka']",Dental
Index Group Of Colleges,"['Gulbarga, Karnataka']",Dental
Kalka Group Of Institutions,"['Gulbarga, Karnataka']",Dental
Kalka Group Of Institutions,"['Gulbarga, Karnataka']",Dental
Karpaga Vinayaga Educational Group,"['Gulbarga, Karnataka']",Dental
Karpaga Vinayaga Educational Group,"['Gulbarga, Karnataka']",Dental
Kcmt Group Of Institutions,"['Gulbarga, Karnataka']",Dental
Kcmt Group Of Institutions,"['Gulbarga, Karnataka']",Dental
Kle University,"['Gulbarga, Karnataka']",Dental
Kle University,"['Gulbarga, Karnataka']",Dental
M.N.R Group Of Institutions,"['Gulbarga, Karnataka']",Dental
M.N.R Group Of Institutions,"['Gulbarga, Karnataka']",Dental
FAQs,"['Gulbarga, Karnataka']",Dental
FAQs,"['Gulbarga, Karnataka']",Dental
Dental Related News,"['Gulbarga, Karnataka']",Dental
Dental Related News,"['Gulbarga, Karnataka']",Dental
Maharana Pratap Group Of Institutions,"['Kanpur, Uttar Pradesh']",Dental
Maharana Pratap Group Of Institutions,"['Kanpur, Uttar Pradesh']",Dental
Mansarovar Group Of Institutions,"['Kanpur, Uttar Pradesh']",Dental
Mansarovar Group Of Institutions,"['Kanpur, Uttar Pradesh']",Dental
Mewar University,"['Kanpur, Uttar Pradesh']",Dental
Mewar University,"['Kanpur, Uttar Pradesh']",Dental
Mgm Group Of Institutions,"['Kanpur, Uttar Pradesh']",Dental
Mgm Group Of Institutions,"['Kanpur, Uttar Pradesh']",Dental
Mpct Group,"['Kanpur, Uttar Pradesh']",Dental
Mpct Group,"['Kanpur, Uttar Pradesh']",Dental
"Navodaya Educational Trust, Navodaya Group of Institutions","['Kanpur, Uttar Pradesh']",Dental
"Navodaya Educational Trust, Navodaya Group of Institutions","['Kanpur, Uttar Pradesh']",Dental
Nitte University,"['Kanpur, Uttar Pradesh']",Dental
Nitte University,"['Kanpur, Uttar Pradesh']",Dental
People'S University,"['Kanpur, Uttar Pradesh']",Dental
People'S University,"['Kanpur, Uttar Pradesh']",Dental
Pravara Gramin Shikshan Sanstha,"['Kanpur, Uttar Pradesh']",Dental
Pravara Gramin Shikshan Sanstha,"['Kanpur, Uttar Pradesh']",Dental
Rk Group Of Institutions,"['Kanpur, Uttar Pradesh']",Dental
Rk Group Of Institutions,"['Kanpur, Uttar Pradesh']",Dental
Rkdf University,"['Kanpur, Uttar Pradesh']",Dental
Rkdf University,"['Kanpur, Uttar Pradesh']",Dental
Sanjay Rungta Group of Institutions,"['Kanpur, Uttar Pradesh']",Dental
Sanjay Rungta Group of Institutions,"['Kanpur, Uttar Pradesh']",Dental
SDC Chennai,"['Kanpur, Uttar Pradesh']",Dental
SDC Chennai,"['Kanpur, Uttar Pradesh']",Dental
Sharda University,"['Kanpur, Uttar Pradesh']",Dental
Sharda University,"['Kanpur, Uttar Pradesh']",Dental
Srinivas Group Of Institutions,"['Kanpur, Uttar Pradesh']",Dental
Srinivas Group Of Institutions,"['Kanpur, Uttar Pradesh']",Dental
Sumandeep Vidyapeeth Group Of Institutes,"['Kanpur, Uttar Pradesh']",Dental
Sumandeep Vidyapeeth Group Of Institutes,"['Kanpur, Uttar Pradesh']",Dental
Swami Devi Dyal Group Of Professional Institutions,"['Kanpur, Uttar Pradesh']",Dental
Swami Devi Dyal Group Of Professional Institutions,"['Kanpur, Uttar Pradesh']",Dental
"Teerthanker Mahaveer University (TMIMTPE), Moradabad","['Kanpur, Uttar Pradesh']",Dental
"Teerthanker Mahaveer University (TMIMTPE), Moradabad","['Kanpur, Uttar Pradesh']",Dental
Vananchal Educational & Welfare Trust,"['Kanpur, Uttar Pradesh']",Dental
Vananchal Educational & Welfare Trust,"['Kanpur, Uttar Pradesh']",Dental
Vyas Group Of Colleges,"['Kanpur, Uttar Pradesh']",Dental
Vyas Group Of Colleges,"['Kanpur, Uttar Pradesh']",Dental
Sathyabama University,"['Kanpur, Uttar Pradesh']",Dental
Sathyabama University,"['Kanpur, Uttar Pradesh']",Dental
AIIMS Rishikesh,"['Kanpur, Uttar Pradesh']",Dental
AIIMS Rishikesh,"['Kanpur, Uttar Pradesh']",Dental
"AIIMS Raipur, Raipur","['Kanpur, Uttar Pradesh']",Dental
"AIIMS Raipur, Raipur","['Kanpur, Uttar Pradesh']",Dental
"AIIMS Patna, Patna","['Kanpur, Uttar Pradesh']",Dental
"AIIMS Patna, Patna","['Kanpur, Uttar Pradesh']",Dental
AIIMS Jodhpur,"['Kanpur, Uttar Pradesh']",Dental
AIIMS Jodhpur,"['Kanpur, Uttar Pradesh']",Dental
AIIMS,"['Kanpur, Uttar Pradesh']",Dental
AIIMS,"['Kanpur, Uttar Pradesh']",Dental
"Pacific Medical University, Udaipur","['Kanpur, Uttar Pradesh']",Dental
"Pacific Medical University, Udaipur","['Kanpur, Uttar Pradesh']",Dental
Arni University,"['Kanpur, Uttar Pradesh']",Dental
Arni University,"['Kanpur, Uttar Pradesh']",Dental
Geetanjali University,"['Kanpur, Uttar Pradesh']",Dental
Geetanjali University,"['Kanpur, Uttar Pradesh']",Dental
NIILM University,"['Kanpur, Uttar Pradesh']",Dental
NIILM University,"['Kanpur, Uttar Pradesh']",Dental
FAQs,"['Kanpur, Uttar Pradesh']",Dental
FAQs,"['Kanpur, Uttar Pradesh']",Dental
Dental Related News,"['Kanpur, Uttar Pradesh']",Dental
Dental Related News,"['Kanpur, Uttar Pradesh']",Dental
Bareilly International University,"['Bareilly, Uttar Pradesh']",Dental
Bareilly International University,"['Bareilly, Uttar Pradesh']",Dental
Sankalchand Patel University,"['Bareilly, Uttar Pradesh']",Dental
Sankalchand Patel University,"['Bareilly, Uttar Pradesh']",Dental
Manav Rachna International Institute of Research and Studies,"['Bareilly, Uttar Pradesh']",Dental
Manav Rachna International Institute of Research and Studies,"['Bareilly, Uttar Pradesh']",Dental
DDU Nadiad,"['Bareilly, Uttar Pradesh']",Dental
DDU Nadiad,"['Bareilly, Uttar Pradesh']",Dental
Manipal University,"['Bareilly, Uttar Pradesh']",Dental
Manipal University,"['Bareilly, Uttar Pradesh']",Dental
OM Sterling Global University,"['Bareilly, Uttar Pradesh']",Dental
OM Sterling Global University,"['Bareilly, Uttar Pradesh']",Dental
Mansarovar Global University,"['Bareilly, Uttar Pradesh']",Dental
Mansarovar Global University,"['Bareilly, Uttar Pradesh']",Dental
LNCT University,"['Bareilly, Uttar Pradesh']",Dental
LNCT University,"['Bareilly, Uttar Pradesh']",Dental
IPHH Delhi,"['Bareilly, Uttar Pradesh']",Dental
IPHH Delhi,"['Bareilly, Uttar Pradesh']",Dental
Rama University,"['Bareilly, Uttar Pradesh']",Dental
Rama University,"['Bareilly, Uttar Pradesh']",Dental
"OPJS University, Churu","['Bareilly, Uttar Pradesh']",Dental
"OPJS University, Churu","['Bareilly, Uttar Pradesh']",Dental
SRM Institute of Science and Technology,"['Bareilly, Uttar Pradesh']",Dental
SRM Institute of Science and Technology,"['Bareilly, Uttar Pradesh']",Dental
Nirwan University,"['Bareilly, Uttar Pradesh']",Dental
Nirwan University,"['Bareilly, Uttar Pradesh']",Dental
Malla Reddy University,"['Bareilly, Uttar Pradesh']",Dental
Malla Reddy University,"['Bareilly, Uttar Pradesh']",Dental
"Delhi Paramedical & Management Institute, Gaya","['Bareilly, Uttar Pradesh']",Dental
"Delhi Paramedical & Management Institute, Gaya","['Bareilly, Uttar Pradesh']",Dental
CMJ University,"['Bareilly, Uttar Pradesh']",Dental
CMJ University,"['Bareilly, Uttar Pradesh']",Dental
Annamalai University,"['Bareilly, Uttar Pradesh']",Dental
Annamalai University,"['Bareilly, Uttar Pradesh']",Dental
MUHS,"['Bareilly, Uttar Pradesh']",Dental
MUHS,"['Bareilly, Uttar Pradesh']",Dental
KNRUHS,"['Bareilly, Uttar Pradesh']",Dental
KNRUHS,"['Bareilly, Uttar Pradesh']",Dental
NTRUHS,"['Bareilly, Uttar Pradesh']",Dental
NTRUHS,"['Bareilly, Uttar Pradesh']",Dental
AMU,"['Bareilly, Uttar Pradesh']",Dental
AMU,"['Bareilly, Uttar Pradesh']",Dental
Imperial Institute of Advanced Management,"['Bareilly, Uttar Pradesh']",Dental
Imperial Institute of Advanced Management,"['Bareilly, Uttar Pradesh']",Dental
Dental College Azamgarh,"['Bareilly, Uttar Pradesh']",Dental
Dental College Azamgarh,"['Bareilly, Uttar Pradesh']",Dental
"Yogendra Paramedical College and Hospital
                        , Agra","['Bareilly, Uttar Pradesh']",Dental
"Yogendra Paramedical College and Hospital
                        , Agra","['Bareilly, Uttar Pradesh']",Dental
"CKS Teja Institute of Dental Sciences & Research, Tirupati","['Bareilly, Uttar Pradesh']",Dental
"CKS Teja Institute of Dental Sciences & Research, Tirupati","['Bareilly, Uttar Pradesh']",Dental
"K.S.R & K.R.K College of Education, Tenali","['Bareilly, Uttar Pradesh']",Dental
"K.S.R & K.R.K College of Education, Tenali","['Bareilly, Uttar Pradesh']",Dental
"Global Inst. of Paramedical Sciences, Kanuru","['Bareilly, Uttar Pradesh']",Dental
"Global Inst. of Paramedical Sciences, Kanuru","['Bareilly, Uttar Pradesh']",Dental
"Swatantra Inst. of Physiotherapy & Rehabilitation, Rajahmundry","['Bareilly, Uttar Pradesh']",Dental
"Swatantra Inst. of Physiotherapy & Rehabilitation, Rajahmundry","['Bareilly, Uttar Pradesh']",Dental
"Government Dental College, RIMS, Kadapa","['Bareilly, Uttar Pradesh']",Dental
"Government Dental College, RIMS, Kadapa","['Bareilly, Uttar Pradesh']",Dental
Regional Dental College,"['Bareilly, Uttar Pradesh']",Dental
Regional Dental College,"['Bareilly, Uttar Pradesh']",Dental
FAQs,"['Bareilly, Uttar Pradesh']",Dental
FAQs,"['Bareilly, Uttar Pradesh']",Dental
Dental Related News,"['Bareilly, Uttar Pradesh']",Dental
Dental Related News,"['Bareilly, Uttar Pradesh']",Dental
Saryug Dental College,"['Darbhanga, Bihar']",Dental
Saryug Dental College,"['Darbhanga, Bihar']",Dental
"MAITRI COLLEGE OF DENTISTRY AND RESEARCH CENTRE,G.E.ROAD,ANJORA","['Darbhanga, Bihar']",Dental
"MAITRI COLLEGE OF DENTISTRY AND RESEARCH CENTRE,G.E.ROAD,ANJORA","['Darbhanga, Bihar']",Dental
"CHHATTISGARH DENTAL COLLEGE AND RESEARCH INSTITUTE, SUNDARA","['Darbhanga, Bihar']",Dental
"CHHATTISGARH DENTAL COLLEGE AND RESEARCH INSTITUTE, SUNDARA","['Darbhanga, Bihar']",Dental
Dr. Ram Manohar Lohia Hospital(PGIMER),"['Darbhanga, Bihar']",Dental
Dr. Ram Manohar Lohia Hospital(PGIMER),"['Darbhanga, Bihar']",Dental
Institute of Medical Post-graduate Studies & Research,"['Darbhanga, Bihar']",Dental
Institute of Medical Post-graduate Studies & Research,"['Darbhanga, Bihar']",Dental
GLOBAL DIPLOMA IN MEDICAL LAB TECHNICIAN COLLEGE,"['Darbhanga, Bihar']",Dental
GLOBAL DIPLOMA IN MEDICAL LAB TECHNICIAN COLLEGE,"['Darbhanga, Bihar']",Dental
"H.P. Govt. Dental College, Shimla","['Darbhanga, Bihar']",Dental
"H.P. Govt. Dental College, Shimla","['Darbhanga, Bihar']",Dental
Govt. Indira Gandhi Dental College,"['Darbhanga, Bihar']",Dental
Govt. Indira Gandhi Dental College,"['Darbhanga, Bihar']",Dental
"Vananchal Dental College and Hospital,Garhwa","['Darbhanga, Bihar']",Dental
"Vananchal Dental College and Hospital,Garhwa","['Darbhanga, Bihar']",Dental
P M Nadagowda Memorial Dental College & Hospital,"['Darbhanga, Bihar']",Dental
P M Nadagowda Memorial Dental College & Hospital,"['Darbhanga, Bihar']",Dental
KLE VISHWANATH KATTI INSTITUTE OF DENTAL SCIENCES,"['Darbhanga, Bihar']",Dental
KLE VISHWANATH KATTI INSTITUTE OF DENTAL SCIENCES,"['Darbhanga, Bihar']",Dental
N S V K Sri Venkateshwara Dental College & Hospet,"['Darbhanga, Bihar']",Dental
N S V K Sri Venkateshwara Dental College & Hospet,"['Darbhanga, Bihar']",Dental
Vokkaligara Sanga Dental College & Hospital,"['Darbhanga, Bihar']",Dental
Vokkaligara Sanga Dental College & Hospital,"['Darbhanga, Bihar']",Dental
Yenepoya Naturopathy & Yogic Science College & Hospital,"['Darbhanga, Bihar']",Dental
Yenepoya Naturopathy & Yogic Science College & Hospital,"['Darbhanga, Bihar']",Dental
GOVT. DENTAL COLLEGE ALAPPUZHA,"['Darbhanga, Bihar']",Dental
GOVT. DENTAL COLLEGE ALAPPUZHA,"['Darbhanga, Bihar']",Dental
"St. Gregorios Dental College, Chelad P.O, Kothamangalam, Emakulam - 686 681","['Darbhanga, Bihar']",Dental
"St. Gregorios Dental College, Chelad P.O, Kothamangalam, Emakulam - 686 681","['Darbhanga, Bihar']",Dental
"Kannur Dental  College, Anjarakandy, P.O. Mamba","['Darbhanga, Bihar']",Dental
"Kannur Dental  College, Anjarakandy, P.O. Mamba","['Darbhanga, Bihar']",Dental
"Century International Institute of- Dental Science and Research Centre, Poinachi,P.O","['Darbhanga, Bihar']",Dental
"Century International Institute of- Dental Science and Research Centre, Poinachi,P.O","['Darbhanga, Bihar']",Dental
"Pushpagiri College of Dental Sciences, Medicity, Perumthuruthy, Thiruvalla -689107","['Darbhanga, Bihar']",Dental
"Pushpagiri College of Dental Sciences, Medicity, Perumthuruthy, Thiruvalla -689107","['Darbhanga, Bihar']",Dental
"NOORUL ISLAM COLLEGE OF DENTAL SCIENCES, NEYYATTINKARA","['Darbhanga, Bihar']",Dental
"NOORUL ISLAM COLLEGE OF DENTAL SCIENCES, NEYYATTINKARA","['Darbhanga, Bihar']",Dental
PSM COLLEGE OF DENTAL SC. AKKIKAVU,"['Darbhanga, Bihar']",Dental
PSM COLLEGE OF DENTAL SC. AKKIKAVU,"['Darbhanga, Bihar']",Dental
"Chhatrapati Shahu Maharaj Shikshan Sanstha's Dental College & Hospital, Kanchanwadi, Paithan Road, Aurangabad","['Darbhanga, Bihar']",Dental
"Chhatrapati Shahu Maharaj Shikshan Sanstha's Dental College & Hospital, Kanchanwadi, Paithan Road, Aurangabad","['Darbhanga, Bihar']",Dental
Pad Dr D YPatil College of Architecture Dr  DYPatil Vidya Nagar Sector 7 Nerul Navi Mumbai 400 706,"['Darbhanga, Bihar']",Dental
Pad Dr D YPatil College of Architecture Dr  DYPatil Vidya Nagar Sector 7 Nerul Navi Mumbai 400 706,"['Darbhanga, Bihar']",Dental
"Nanded Rural Dental College and Research Center,Nanded.","['Darbhanga, Bihar']",Dental
"Nanded Rural Dental College and Research Center,Nanded.","['Darbhanga, Bihar']",Dental
"P.D.Upadhyay Dental College, Kegaon,Solapur","['Darbhanga, Bihar']",Dental
"P.D.Upadhyay Dental College, Kegaon,Solapur","['Darbhanga, Bihar']",Dental
"DENTAL COLLEGE, RIMS","['Darbhanga, Bihar']",Dental
"DENTAL COLLEGE, RIMS","['Darbhanga, Bihar']",Dental
Panjab University Constituent College Mohkam Khan Wala Ferozepur,"['Darbhanga, Bihar']",Dental
Panjab University Constituent College Mohkam Khan Wala Ferozepur,"['Darbhanga, Bihar']",Dental
SRI BALAJI FIRE AND SAFETY COLLEGE,"['Darbhanga, Bihar']",Dental
SRI BALAJI FIRE AND SAFETY COLLEGE,"['Darbhanga, Bihar']",Dental
SINGHANIA LAW COLLEGE,"['Darbhanga, Bihar']",Dental
SINGHANIA LAW COLLEGE,"['Darbhanga, Bihar']",Dental
Gian Sagar Medical College & Hospital,"['Darbhanga, Bihar']",Dental
Gian Sagar Medical College & Hospital,"['Darbhanga, Bihar']",Dental
FAQs,"['Darbhanga, Bihar']",Dental
FAQs,"['Darbhanga, Bihar']",Dental
Dental Related News,"['Darbhanga, Bihar']",Dental
Dental Related News,"['Darbhanga, Bihar']",Dental
